Fluid Line,Flushing Prep,Leak Check 1,Flushing/Blowing,Pressure Test Prep,Leak Check 2,Pressure Test,Sign-Off,Overall Progress
N2 line,100,100,100,100,100,100,100,100
"25, 35 OLM",100,100,100,100,100,100,0,85.71428571428571
98 SA,100,100,70,0,0,0,0,38.57142857142857
WSA,0,0,0,0,0,0,0,0
SO3G,100,100,100,100,100,100,0,85.71428571428571
POW,100,100,100,100,100,100,100,100
"WT (S), WT (R) flushing",75,0,0,0,0,0,0,10.714285714285714
CAP,100,100,67,67,67,67,0,66.85714285714286
