Fluid Line,Flushing Prep,Leak Check 1,Flushing/Blowing,Pressure Test Prep,Leak Check 2,Pressure Test,Sign-Off,Overall Progress
N2 line,100,100,100,100,100,100,100,100
"25, 35 OLM",100,100,100,100,100,100,50,92.85714285714286
98 SA,100,100,100,100,100,90,0,84.28571428571429
WSA,100,100,20,0,0,0,0,31.428571428571427
SO3G,100,100,100,100,100,100,0,85.71428571428571
POW,100,100,100,100,100,100,100,100
"WT (S), WT (R) flushing",100,100,35,0,0,0,0,33.57142857142857
CAP,100,100,67,67,67,67,0,66.85714285714286
